Type,Time (s),Time (s/iter),batch size,device
Model,0.024144819999946776,0.0007545256249983368,1,cuda
Model,0.02884078700003556,0.0009012745937511113,2,cuda
Model,0.05256279800005359,0.0016425874375016747,4,cuda
Model,0.08454515800008267,0.0026420361875025833,8,cuda
Model,0.1494916330000251,0.0046716135312507845,16,cuda
Model,0.2751970659999188,0.008599908312497462,32,cuda
Model,0.5353301379998356,0.016729066812494864,64,cuda
Model,1.0654671989998405,0.03329584996874502,128,cuda
