Type,Time (s),Time (s/iter),batch size,device
Model,0.0392043230000354,0.0012251350937511063,1,cuda
Model,0.057028690000038296,0.0017821465625011967,2,cuda
Model,0.097236372999987,0.0030386366562495937,4,cuda
Model,0.14930211199998666,0.004665690999999583,8,cuda
Model,0.28931120999999393,0.00904097531249981,16,cuda
Model,0.5508793989999958,0.01721498121874987,32,cuda
Model,1.070874357999969,0.033464823687499035,64,cuda
Model,2.1520045510000045,0.06725014221875014,128,cuda
