Type,Time (s),Time (s/iter),batch size,device
Model,0.038794373999991194,0.0012123241874997248,1,cuda
Model,0.06062219499997923,0.001894443593749351,2,cuda
Model,0.0834507880000217,0.002607837125000678,4,cuda
Model,0.15706193900001608,0.0049081855937505026,8,cuda
Model,0.2909736600000201,0.009092926875000629,16,cuda
Model,0.5696426949999989,0.017801334218749965,32,cuda
Model,1.1200118249999775,0.0350003695312493,64,cuda
Model,2.2104029650000143,0.06907509265625045,128,cuda
