Type,Time (s),Time (s/iter),batch size,device
Model,0.03907601399998839,0.0012211254374996372,1,cuda
Model,0.0563741119999861,0.0017616909999995656,2,cuda
Model,0.0784463710000125,0.0024514490937503908,4,cuda
Model,0.147894258000008,0.00462169556250025,8,cuda
Model,0.27713238699999465,0.008660387093749833,16,cuda
Model,0.5418884589999777,0.016934014343749304,32,cuda
Model,1.0619087659999877,0.03318464893749962,64,cuda
Model,2.2794908529999987,0.07123408915624996,128,cuda
