Type,Time (s),Time (s/iter),batch size,device
Model,0.025903372000357194,0.0008094803750111623,1,cuda
Model,0.028886336000141455,0.0009026980000044205,2,cuda
Model,0.05455174500002613,0.0017047420312508166,4,cuda
Model,0.08961848799981453,0.002800577749994204,8,cuda
Model,0.16121650400009457,0.005038015750002955,16,cuda
Model,0.2930128319999312,0.00915665099999785,32,cuda
Model,0.5651510640000197,0.017660970750000615,64,cuda
Model,1.1230031630002486,0.03509384884375777,128,cuda
