Type,Time (s),Time (s/iter),batch size,device
Model,0.037764957999996795,0.0011801549374998999,1,cuda
Model,0.06103141399998435,0.001907231687499511,2,cuda
Model,0.08340776099998948,0.002606492531249671,4,cuda
Model,0.15694849299998737,0.004904640406249605,8,cuda
Model,0.28732834899997783,0.008979010906249307,16,cuda
Model,0.5797475189999943,0.018117109968749823,32,cuda
Model,1.162626711999991,0.036332084749999716,64,cuda
Model,2.1713259299999947,0.06785393531249984,128,cuda
