Type,Time (s),Time (s/iter),batch size,device
Model,0.04429309399995418,0.0013841591874985681,1,cuda
Model,0.0640975649999973,0.0020030489062499157,2,cuda
Model,0.08935021899992535,0.002792194343747667,4,cuda
Model,0.16235050400007367,0.005073453250002302,8,cuda
Model,0.43741244199998164,0.013669138812499426,16,cuda
Model,0.8073595910000222,0.025229987218750694,32,cuda
Model,1.3545090510000364,0.04232840784375114,64,cuda
Model,2.7821616319999976,0.08694255099999992,128,cuda
