Type,Time (s),Time (s/iter),batch size,device
Model,0.03769845500002589,0.001178076718750809,1,cuda
Model,0.06125064099998667,0.0019140825312495835,2,cuda
Model,0.08222879000001626,0.002569649687500508,4,cuda
Model,0.15306271100001823,0.0047832097187505696,8,cuda
Model,0.3132350330000122,0.009788594781250382,16,cuda
Model,0.5847084910000149,0.018272140343750465,32,cuda
Model,1.180220399999996,0.03688188749999988,64,cuda
Model,2.1793566860000055,0.06810489643750017,128,cuda
