Type,Time (s),Time (s/iter),batch size,device
Model,0.023698412999920038,0.0007405754062475012,1,cuda
Model,0.028891209999983403,0.0009028503124994813,2,cuda
Model,0.05265155199981564,0.0016453609999942387,4,cuda
Model,0.0821488720000616,0.002567152250001925,8,cuda
Model,0.15095059300006142,0.004717206031251919,16,cuda
Model,0.2709090450000531,0.008465907656251659,32,cuda
Model,0.5268379039998763,0.016463684499996134,64,cuda
Model,1.0451330670000516,0.03266040834375161,128,cuda
