Type,Time (s),Time (s/iter),batch size,device
Model,0.027360931999965032,0.0008550291249989073,1,cuda
Model,0.03963472099997034,0.0012385850312490732,2,cuda
Model,0.04890527399993516,0.0015282898124979738,4,cuda
Model,0.09725748800008205,0.003039296500002564,8,cuda
Model,0.13758138999992298,0.004299418437497593,16,cuda
Model,0.258669593000036,0.008083424781251125,32,cuda
Model,0.5001520509999864,0.015629751593749575,64,cuda
Model,1.0047152590000223,0.0313973518437507,128,cuda
